{"cameraMode":{"drawMode":0,"name":"Shaded","section":"Shading Mode"},"sceneLighting":true,"audioPlay":false,"sceneViewState":{"showFog":true,"showMaterialUpdate":false,"showSkybox":true,"showFlares":true,"showImageEffects":true,"showParticleSystems":true},"in2DMode":false,"pivot":{"x":56.37792205810547,"y":16.799579620361329,"z":35.90559387207031},"rotation":{"x":-0.06026258319616318,"y":-0.018866978585720063,"z":0.0011412560706958175,"w":-0.9980069398880005},"size":49.96255111694336,"orthographic":false}